id,page_address,page_title,time_stamp
15,http://tinyurl.com/phasellus/sit/amet/erat/nulla/tempus.jsp,Function-based asynchronous product,2021-08-08T22:36:21Z
11,http://lycos.com/ac/est.png,Profit-focused 5th generation implementation,2021-09-16T09:55:49Z
4,http://ameblo.jp/at/nibh/in/hac/habitasse/platea.jsp,Object-based global firmware,2021-10-06T22:32:19Z
5,https://usatoday.com/urna/ut/tellus/nulla/ut/erat/id.aspx,Upgradable needs-based hierarchy,2021-11-13T07:43:20Z
10,http://upenn.edu/nec/euismod/scelerisque/quam/turpis.json,Devolved impactful artificial intelligence,2021-11-16T07:26:17Z
14,http://cam.ac.uk/vitae/nisl/aenean/lectus.xml,Fully-configurable incremental firmware,2021-12-02T13:36:27Z
7,https://csmonitor.com/velit/donec/diam/neque/vestibulum/eget/vulputate.jpg,Centralized client-server firmware,2021-12-07T01:47:29Z
3,http://booking.com/in/porttitor.json,Robust local strategy,2021-12-16T17:32:37Z
8,http://marriott.com/quis.jsp,Open-source zero tolerance installation,2021-12-23T08:53:59Z
16,http://github.com/tortor/id/nulla/ultrices/aliquet.jpg,Persistent 4th generation database,2021-12-27T08:37:13Z
6,https://noaa.gov/sapien/dignissim/vestibulum/vestibulum/ante/ipsum/primis.html,Streamlined didactic matrix,2022-02-10T03:49:49Z
13,http://nytimes.com/porttitor/lacus/at/turpis/donec/posuere/metus.png,Versatile leading edge Graphical User Interface,2022-03-07T22:27:51Z
17,http://fc2.com/neque/sapien/placerat/ante/nulla/justo/aliquam.jpg,Synchronised stable toolset,2022-03-17T22:38:38Z
2,https://buzzfeed.com/elit/proin/risus/praesent/lectus/vestibulum/quam.json,Balanced full-range success,2022-04-01T00:19:21Z
12,https://aol.com/duis.aspx,Face to face bottom-line core,2022-05-05T13:05:53Z
1,http://csmonitor.com/nulla.jpg,Open-source value-added focus group,2022-06-16T23:09:19Z
9,https://hhs.gov/accumsan/felis/ut.json,Streamlined reciprocal interface,2022-07-21T10:14:42Z
